Fait,Annee,Total_National
Achats et ventes sans factures,2002,467
Achats et ventes sans factures,2003,501
Achats et ventes sans factures,2004,475
Achats et ventes sans factures,2005,452
Achats et ventes sans factures,2006,475
Achats et ventes sans factures,2007,375
Achats et ventes sans factures,2008,352
Achats et ventes sans factures,2009,344
Achats et ventes sans factures,2010,288
"Aide à l'entrée, à la circulation et au séjour des étrangers",2002,1429
"Aide à l'entrée, à la circulation et au séjour des étrangers",2003,1747
"Aide à l'entrée, à la circulation et au séjour des étrangers",2004,2035
"Aide à l'entrée, à la circulation et au séjour des étrangers",2005,2593
"Aide à l'entrée, à la circulation et au séjour des étrangers",2006,3208
"Aide à l'entrée, à la circulation et au séjour des étrangers",2007,3839
"Aide à l'entrée, à la circulation et au séjour des étrangers",2008,4402
"Aide à l'entrée, à la circulation et au séjour des étrangers",2009,4409
"Aide à l'entrée, à la circulation et au séjour des étrangers",2010,4306
Atteintes aux intérêts fondamentaux de la Nation,2002,336
Atteintes aux intérêts fondamentaux de la Nation,2003,336
Atteintes aux intérêts fondamentaux de la Nation,2004,376
Atteintes aux intérêts fondamentaux de la Nation,2005,375
Atteintes aux intérêts fondamentaux de la Nation,2006,392
Atteintes aux intérêts fondamentaux de la Nation,2007,461
Atteintes aux intérêts fondamentaux de la Nation,2008,654
Atteintes aux intérêts fondamentaux de la Nation,2009,696
Atteintes aux intérêts fondamentaux de la Nation,2010,742
Atteintes sexuelles,2002,11085
Atteintes sexuelles,2003,14210
Atteintes sexuelles,2004,17025
Atteintes sexuelles,2005,16844
Atteintes sexuelles,2006,15862
Atteintes sexuelles,2007,15433
Atteintes sexuelles,2008,15748
Atteintes sexuelles,2009,14955
Atteintes sexuelles,2010,14172
Atteintes à l'environnement,2002,1924
Atteintes à l'environnement,2003,1949
Atteintes à l'environnement,2004,1762
Atteintes à l'environnement,2005,1822
Atteintes à l'environnement,2006,1874
Atteintes à l'environnement,2007,2036
Atteintes à l'environnement,2008,2346
Atteintes à l'environnement,2009,2575
Atteintes à l'environnement,2010,2820
Atteintes à la dignité et à la  personnalité,2002,17732
Atteintes à la dignité et à la  personnalité,2003,19169
Atteintes à la dignité et à la  personnalité,2004,22248
Atteintes à la dignité et à la  personnalité,2005,24588
Atteintes à la dignité et à la  personnalité,2006,27252
Atteintes à la dignité et à la  personnalité,2007,28559
Atteintes à la dignité et à la  personnalité,2008,33139
Atteintes à la dignité et à la  personnalité,2009,31582
Atteintes à la dignité et à la  personnalité,2010,30453
Attentats à l'explosif contre des biens privés,2002,402
Attentats à l'explosif contre des biens privés,2003,307
Attentats à l'explosif contre des biens privés,2004,214
Attentats à l'explosif contre des biens privés,2005,217
Attentats à l'explosif contre des biens privés,2006,266
Attentats à l'explosif contre des biens privés,2007,205
Attentats à l'explosif contre des biens privés,2008,123
Attentats à l'explosif contre des biens privés,2009,92
Attentats à l'explosif contre des biens privés,2010,115
Attentats à l'explosif contre des biens publics,2002,124
Attentats à l'explosif contre des biens publics,2003,117
Attentats à l'explosif contre des biens publics,2004,100
Attentats à l'explosif contre des biens publics,2005,106
Attentats à l'explosif contre des biens publics,2006,82
Attentats à l'explosif contre des biens publics,2007,101
Attentats à l'explosif contre des biens publics,2008,44
Attentats à l'explosif contre des biens publics,2009,32
Attentats à l'explosif contre des biens publics,2010,30
Autres coups et blessures volontaires criminels ou correctionnels,2002,125141
Autres coups et blessures volontaires criminels ou correctionnels,2003,134794
Autres coups et blessures volontaires criminels ou correctionnels,2004,137679
Autres coups et blessures volontaires criminels ou correctionnels,2005,148650
Autres coups et blessures volontaires criminels ou correctionnels,2006,164357
Autres coups et blessures volontaires criminels ou correctionnels,2007,175886
Autres coups et blessures volontaires criminels ou correctionnels,2008,187937
Autres coups et blessures volontaires criminels ou correctionnels,2009,193405
Autres coups et blessures volontaires criminels ou correctionnels,2010,192906
Autres destructions et dégradations de biens privés,2002,197277
Autres destructions et dégradations de biens privés,2003,185526
Autres destructions et dégradations de biens privés,2004,172959
Autres destructions et dégradations de biens privés,2005,175415
Autres destructions et dégradations de biens privés,2006,161374
Autres destructions et dégradations de biens privés,2007,148838
Autres destructions et dégradations de biens privés,2008,143216
Autres destructions et dégradations de biens privés,2009,134272
Autres destructions et dégradations de biens privés,2010,125151
Autres destructions et dégradations de biens publics,2002,47627
Autres destructions et dégradations de biens publics,2003,44338
Autres destructions et dégradations de biens publics,2004,43056
Autres destructions et dégradations de biens publics,2005,46192
Autres destructions et dégradations de biens publics,2006,44608
Autres destructions et dégradations de biens publics,2007,44202
Autres destructions et dégradations de biens publics,2008,44878
Autres destructions et dégradations de biens publics,2009,42691
Autres destructions et dégradations de biens publics,2010,40201
Autres délits,2002,95324
Autres délits,2003,95030
Autres délits,2004,97222
Autres délits,2005,102240
Autres délits,2006,97551
Autres délits,2007,92476
Autres délits,2008,93856
Autres délits,2009,90636
Autres délits,2010,88492
Autres délits contre santé publique et la réglementation des professions médicales,2002,138
Autres délits contre santé publique et la réglementation des professions médicales,2003,131
Autres délits contre santé publique et la réglementation des professions médicales,2004,159
Autres délits contre santé publique et la réglementation des professions médicales,2005,161
Autres délits contre santé publique et la réglementation des professions médicales,2006,187
Autres délits contre santé publique et la réglementation des professions médicales,2007,280
Autres délits contre santé publique et la réglementation des professions médicales,2008,275
Autres délits contre santé publique et la réglementation des professions médicales,2009,260
Autres délits contre santé publique et la réglementation des professions médicales,2010,330
Autres délits économiques et financiers,2002,1572
Autres délits économiques et financiers,2003,1792
Autres délits économiques et financiers,2004,2064
Autres délits économiques et financiers,2005,2869
Autres délits économiques et financiers,2006,2862
Autres délits économiques et financiers,2007,2885
Autres délits économiques et financiers,2008,3002
Autres délits économiques et financiers,2009,2955
Autres délits économiques et financiers,2010,2677
Autres faux documents administratifs,2002,3083
Autres faux documents administratifs,2003,3254
Autres faux documents administratifs,2004,3652
Autres faux documents administratifs,2005,3414
Autres faux documents administratifs,2006,3575
Autres faux documents administratifs,2007,3932
Autres faux documents administratifs,2008,3553
Autres faux documents administratifs,2009,3522
Autres faux documents administratifs,2010,3469
Autres faux en écriture,2002,5221
Autres faux en écriture,2003,5420
Autres faux en écriture,2004,6000
Autres faux en écriture,2005,5749
Autres faux en écriture,2006,5641
Autres faux en écriture,2007,6089
Autres faux en écriture,2008,6491
Autres faux en écriture,2009,6466
Autres faux en écriture,2010,6589
Autres infractions à la législation sur les stupéfiants,2002,9673
Autres infractions à la législation sur les stupéfiants,2003,11517
Autres infractions à la législation sur les stupéfiants,2004,12580
Autres infractions à la législation sur les stupéfiants,2005,12675
Autres infractions à la législation sur les stupéfiants,2006,12742
Autres infractions à la législation sur les stupéfiants,2007,13610
Autres infractions à la législation sur les stupéfiants,2008,13646
Autres infractions à la législation sur les stupéfiants,2009,9173
Autres infractions à la législation sur les stupéfiants,2010,6540
Autres infractions à la police des étrangers,2002,5307
Autres infractions à la police des étrangers,2003,6619
Autres infractions à la police des étrangers,2004,5627
Autres infractions à la police des étrangers,2005,5776
Autres infractions à la police des étrangers,2006,6608
Autres infractions à la police des étrangers,2007,6405
Autres infractions à la police des étrangers,2008,5797
Autres infractions à la police des étrangers,2009,5676
Autres infractions à la police des étrangers,2010,4513
Autres vols avec armes blanches,2002,13706
Autres vols avec armes blanches,2003,12048
Autres vols avec armes blanches,2004,10261
Autres vols avec armes blanches,2005,9813
Autres vols avec armes blanches,2006,9928
Autres vols avec armes blanches,2007,8456
Autres vols avec armes blanches,2008,7320
Autres vols avec armes blanches,2009,7307
Autres vols avec armes blanches,2010,7603
Autres vols simples contre des particuliers dans  des locaux privés,2002,202932
Autres vols simples contre des particuliers dans  des locaux privés,2003,211092
Autres vols simples contre des particuliers dans  des locaux privés,2004,206408
Autres vols simples contre des particuliers dans  des locaux privés,2005,204217
Autres vols simples contre des particuliers dans  des locaux privés,2006,202234
Autres vols simples contre des particuliers dans  des locaux privés,2007,196349
Autres vols simples contre des particuliers dans  des locaux privés,2008,191730
Autres vols simples contre des particuliers dans  des locaux privés,2009,194862
Autres vols simples contre des particuliers dans  des locaux privés,2010,193077
Autres vols simples contre des particuliers dans des locaux ou lieux publics,2002,304163
Autres vols simples contre des particuliers dans des locaux ou lieux publics,2003,335875
Autres vols simples contre des particuliers dans des locaux ou lieux publics,2004,351360
Autres vols simples contre des particuliers dans des locaux ou lieux publics,2005,362477
Autres vols simples contre des particuliers dans des locaux ou lieux publics,2006,350097
Autres vols simples contre des particuliers dans des locaux ou lieux publics,2007,314971
Autres vols simples contre des particuliers dans des locaux ou lieux publics,2008,302133
Autres vols simples contre des particuliers dans des locaux ou lieux publics,2009,303644
Autres vols simples contre des particuliers dans des locaux ou lieux publics,2010,310444
Autres vols simples contre des établissements publics ou privés,2002,90881
Autres vols simples contre des établissements publics ou privés,2003,88831
Autres vols simples contre des établissements publics ou privés,2004,87577
Autres vols simples contre des établissements publics ou privés,2005,81533
Autres vols simples contre des établissements publics ou privés,2006,82564
Autres vols simples contre des établissements publics ou privés,2007,80185
Autres vols simples contre des établissements publics ou privés,2008,81574
Autres vols simples contre des établissements publics ou privés,2009,75110
Autres vols simples contre des établissements publics ou privés,2010,76028
Autres vols à main armée,2002,2904
Autres vols à main armée,2003,2399
Autres vols à main armée,2004,1944
Autres vols à main armée,2005,1675
Autres vols à main armée,2006,1689
Autres vols à main armée,2007,1461
Autres vols à main armée,2008,1539
Autres vols à main armée,2009,1749
Autres vols à main armée,2010,1511
"Banqueroutes, abus de biens sociaux et autres délits de société",2002,1500
"Banqueroutes, abus de biens sociaux et autres délits de société",2003,1521
"Banqueroutes, abus de biens sociaux et autres délits de société",2004,1432
"Banqueroutes, abus de biens sociaux et autres délits de société",2005,1673
"Banqueroutes, abus de biens sociaux et autres délits de société",2006,1893
"Banqueroutes, abus de biens sociaux et autres délits de société",2007,1985
"Banqueroutes, abus de biens sociaux et autres délits de société",2008,1876
"Banqueroutes, abus de biens sociaux et autres délits de société",2009,1711
"Banqueroutes, abus de biens sociaux et autres délits de société",2010,1688
Cambriolages d'autres lieux,2002,94120
Cambriolages d'autres lieux,2003,88274
Cambriolages d'autres lieux,2004,81351
Cambriolages d'autres lieux,2005,74740
Cambriolages d'autres lieux,2006,69607
Cambriolages d'autres lieux,2007,66036
Cambriolages d'autres lieux,2008,61640
Cambriolages d'autres lieux,2009,61005
Cambriolages d'autres lieux,2010,58171
"Cambriolages de  locaux industriels, commerciaux ou financiers",2002,114245
"Cambriolages de  locaux industriels, commerciaux ou financiers",2003,102512
"Cambriolages de  locaux industriels, commerciaux ou financiers",2004,93149
"Cambriolages de  locaux industriels, commerciaux ou financiers",2005,87062
"Cambriolages de  locaux industriels, commerciaux ou financiers",2006,87605
"Cambriolages de  locaux industriels, commerciaux ou financiers",2007,80567
"Cambriolages de  locaux industriels, commerciaux ou financiers",2008,70280
"Cambriolages de  locaux industriels, commerciaux ou financiers",2009,70886
"Cambriolages de  locaux industriels, commerciaux ou financiers",2010,71389
Cambriolages de locaux d'habitations principales,2002,195180
Cambriolages de locaux d'habitations principales,2003,191705
Cambriolages de locaux d'habitations principales,2004,180378
Cambriolages de locaux d'habitations principales,2005,163499
Cambriolages de locaux d'habitations principales,2006,161764
Cambriolages de locaux d'habitations principales,2007,150624
Cambriolages de locaux d'habitations principales,2008,151736
Cambriolages de locaux d'habitations principales,2009,164147
Cambriolages de locaux d'habitations principales,2010,172497
Cambriolages de résidences secondaires,2002,29041
Cambriolages de résidences secondaires,2003,25091
Cambriolages de résidences secondaires,2004,22501
Cambriolages de résidences secondaires,2005,18000
Cambriolages de résidences secondaires,2006,16076
Cambriolages de résidences secondaires,2007,15156
Cambriolages de résidences secondaires,2008,14513
Cambriolages de résidences secondaires,2009,15258
Cambriolages de résidences secondaires,2010,14027
Chasse et pêche,2002,1401
Chasse et pêche,2003,1398
Chasse et pêche,2004,1464
Chasse et pêche,2005,1561
Chasse et pêche,2006,1613
Chasse et pêche,2007,1157
Chasse et pêche,2008,1109
Chasse et pêche,2009,1242
Chasse et pêche,2010,1158
Contrefaçons et fraudes industrielles et commerciales,2002,1217
Contrefaçons et fraudes industrielles et commerciales,2003,1740
Contrefaçons et fraudes industrielles et commerciales,2004,1610
Contrefaçons et fraudes industrielles et commerciales,2005,1893
Contrefaçons et fraudes industrielles et commerciales,2006,1942
Contrefaçons et fraudes industrielles et commerciales,2007,1814
Contrefaçons et fraudes industrielles et commerciales,2008,1714
Contrefaçons et fraudes industrielles et commerciales,2009,1887
Contrefaçons et fraudes industrielles et commerciales,2010,1675
Contrefaçons littéraires et artistique,2002,585
Contrefaçons littéraires et artistique,2003,442
Contrefaçons littéraires et artistique,2004,445
Contrefaçons littéraires et artistique,2005,525
Contrefaçons littéraires et artistique,2006,342
Contrefaçons littéraires et artistique,2007,288
Contrefaçons littéraires et artistique,2008,275
Contrefaçons littéraires et artistique,2009,218
Contrefaçons littéraires et artistique,2010,323
Coups et blessures volontaires suivis de mort,2002,173
Coups et blessures volontaires suivis de mort,2003,194
Coups et blessures volontaires suivis de mort,2004,185
Coups et blessures volontaires suivis de mort,2005,204
Coups et blessures volontaires suivis de mort,2006,182
Coups et blessures volontaires suivis de mort,2007,167
Coups et blessures volontaires suivis de mort,2008,182
Coups et blessures volontaires suivis de mort,2009,137
Coups et blessures volontaires suivis de mort,2010,121
Destructions et dégradations de véhicules privés,2002,303869
Destructions et dégradations de véhicules privés,2003,274132
Destructions et dégradations de véhicules privés,2004,256289
Destructions et dégradations de véhicules privés,2005,263243
Destructions et dégradations de véhicules privés,2006,243488
Destructions et dégradations de véhicules privés,2007,223017
Destructions et dégradations de véhicules privés,2008,208276
Destructions et dégradations de véhicules privés,2009,188472
Destructions et dégradations de véhicules privés,2010,171402
"Destructions, cruautés et autres délits envers les animaux",2002,2922
"Destructions, cruautés et autres délits envers les animaux",2003,2706
"Destructions, cruautés et autres délits envers les animaux",2004,2516
"Destructions, cruautés et autres délits envers les animaux",2005,2623
"Destructions, cruautés et autres délits envers les animaux",2006,2351
"Destructions, cruautés et autres délits envers les animaux",2007,2458
"Destructions, cruautés et autres délits envers les animaux",2008,2489
"Destructions, cruautés et autres délits envers les animaux",2009,2487
"Destructions, cruautés et autres délits envers les animaux",2010,2358
Délits au sujet de la garde des mineurs,2002,24648
Délits au sujet de la garde des mineurs,2003,25889
Délits au sujet de la garde des mineurs,2004,26344
Délits au sujet de la garde des mineurs,2005,26288
Délits au sujet de la garde des mineurs,2006,26909
Délits au sujet de la garde des mineurs,2007,25131
Délits au sujet de la garde des mineurs,2008,25939
Délits au sujet de la garde des mineurs,2009,26083
Délits au sujet de la garde des mineurs,2010,26951
Délits de débits de boissons et infraction à la réglementation sur l'alcool  et le tabac,2002,707
Délits de débits de boissons et infraction à la réglementation sur l'alcool  et le tabac,2003,737
Délits de débits de boissons et infraction à la réglementation sur l'alcool  et le tabac,2004,934
Délits de débits de boissons et infraction à la réglementation sur l'alcool  et le tabac,2005,883
Délits de débits de boissons et infraction à la réglementation sur l'alcool  et le tabac,2006,713
Délits de débits de boissons et infraction à la réglementation sur l'alcool  et le tabac,2007,668
Délits de débits de boissons et infraction à la réglementation sur l'alcool  et le tabac,2008,823
Délits de débits de boissons et infraction à la réglementation sur l'alcool  et le tabac,2009,912
Délits de débits de boissons et infraction à la réglementation sur l'alcool  et le tabac,2010,987
Délits des courses et des jeux,2002,223
Délits des courses et des jeux,2003,189
Délits des courses et des jeux,2004,170
Délits des courses et des jeux,2005,173
Délits des courses et des jeux,2006,144
Délits des courses et des jeux,2007,174
Délits des courses et des jeux,2008,188
Délits des courses et des jeux,2009,119
Délits des courses et des jeux,2010,182
Délits interdiction de séjour et de paraître,2002,212
Délits interdiction de séjour et de paraître,2003,224
Délits interdiction de séjour et de paraître,2004,286
Délits interdiction de séjour et de paraître,2005,353
Délits interdiction de séjour et de paraître,2006,295
Délits interdiction de séjour et de paraître,2007,237
Délits interdiction de séjour et de paraître,2008,270
Délits interdiction de séjour et de paraître,2009,204
Délits interdiction de séjour et de paraître,2010,297
Emploi d'étranger sans titre de travail,2002,1272
Emploi d'étranger sans titre de travail,2003,1001
Emploi d'étranger sans titre de travail,2004,1040
Emploi d'étranger sans titre de travail,2005,1628
Emploi d'étranger sans titre de travail,2006,1880
Emploi d'étranger sans titre de travail,2007,2772
Emploi d'étranger sans titre de travail,2008,3275
Emploi d'étranger sans titre de travail,2009,3093
Emploi d'étranger sans titre de travail,2010,2900
Escroqueries et abus de confiances,2002,140334
Escroqueries et abus de confiances,2003,145041
Escroqueries et abus de confiances,2004,139246
Escroqueries et abus de confiances,2005,142095
Escroqueries et abus de confiances,2006,163086
Escroqueries et abus de confiances,2007,177294
Escroqueries et abus de confiances,2008,214387
Escroqueries et abus de confiances,2009,215250
Escroqueries et abus de confiances,2010,202758
Falsification et usages de cartes de crédit,2002,45313
Falsification et usages de cartes de crédit,2003,50077
Falsification et usages de cartes de crédit,2004,49886
Falsification et usages de cartes de crédit,2005,48413
Falsification et usages de cartes de crédit,2006,53746
Falsification et usages de cartes de crédit,2007,53455
Falsification et usages de cartes de crédit,2008,54052
Falsification et usages de cartes de crédit,2009,50497
Falsification et usages de cartes de crédit,2010,46792
Falsification et usages de chèques volés,2002,127989
Falsification et usages de chèques volés,2003,115405
Falsification et usages de chèques volés,2004,103490
Falsification et usages de chèques volés,2005,88717
Falsification et usages de chèques volés,2006,77462
Falsification et usages de chèques volés,2007,72883
Falsification et usages de chèques volés,2008,67715
Falsification et usages de chèques volés,2009,61307
Falsification et usages de chèques volés,2010,61404
Fausse monnaie,2002,3418
Fausse monnaie,2003,2761
Fausse monnaie,2004,2217
Fausse monnaie,2005,1812
Fausse monnaie,2006,1957
Fausse monnaie,2007,1788
Fausse monnaie,2008,1902
Fausse monnaie,2009,1985
Fausse monnaie,2010,1767
Faux documents concernant la circulation des véhicules,2002,2342
Faux documents concernant la circulation des véhicules,2003,2311
Faux documents concernant la circulation des véhicules,2004,3079
Faux documents concernant la circulation des véhicules,2005,3189
Faux documents concernant la circulation des véhicules,2006,3177
Faux documents concernant la circulation des véhicules,2007,3141
Faux documents concernant la circulation des véhicules,2008,3261
Faux documents concernant la circulation des véhicules,2009,3273
Faux documents concernant la circulation des véhicules,2010,3327
Faux documents d'identité,2002,10217
Faux documents d'identité,2003,9691
Faux documents d'identité,2004,8906
Faux documents d'identité,2005,8160
Faux documents d'identité,2006,6671
Faux documents d'identité,2007,7826
Faux documents d'identité,2008,8111
Faux documents d'identité,2009,7085
Faux documents d'identité,2010,6331
Faux en écriture publique et authentique,2002,1449
Faux en écriture publique et authentique,2003,1494
Faux en écriture publique et authentique,2004,1546
Faux en écriture publique et authentique,2005,1802
Faux en écriture publique et authentique,2006,2151
Faux en écriture publique et authentique,2007,2037
Faux en écriture publique et authentique,2008,2185
Faux en écriture publique et authentique,2009,2086
Faux en écriture publique et authentique,2010,2141
Fraudes alimentaires et infractions à l'hygiène,2002,635
Fraudes alimentaires et infractions à l'hygiène,2003,600
Fraudes alimentaires et infractions à l'hygiène,2004,473
Fraudes alimentaires et infractions à l'hygiène,2005,594
Fraudes alimentaires et infractions à l'hygiène,2006,497
Fraudes alimentaires et infractions à l'hygiène,2007,502
Fraudes alimentaires et infractions à l'hygiène,2008,559
Fraudes alimentaires et infractions à l'hygiène,2009,591
Fraudes alimentaires et infractions à l'hygiène,2010,565
Fraudes fiscales,2002,636
Fraudes fiscales,2003,651
Fraudes fiscales,2004,731
Fraudes fiscales,2005,759
Fraudes fiscales,2006,870
Fraudes fiscales,2007,753
Fraudes fiscales,2008,880
Fraudes fiscales,2009,726
Fraudes fiscales,2010,785
Harcèlements sexuels et autres agressions sexuelles contre des majeur(e)s,2002,4914
Harcèlements sexuels et autres agressions sexuelles contre des majeur(e)s,2003,5004
Harcèlements sexuels et autres agressions sexuelles contre des majeur(e)s,2004,5134
Harcèlements sexuels et autres agressions sexuelles contre des majeur(e)s,2005,4743
Harcèlements sexuels et autres agressions sexuelles contre des majeur(e)s,2006,4823
Harcèlements sexuels et autres agressions sexuelles contre des majeur(e)s,2007,4909
Harcèlements sexuels et autres agressions sexuelles contre des majeur(e)s,2008,5116
Harcèlements sexuels et autres agressions sexuelles contre des majeur(e)s,2009,5146
Harcèlements sexuels et autres agressions sexuelles contre des majeur(e)s,2010,4735
Harcèlements sexuels et autres agressions sexuelles contre des mineur(e)s,2002,10816
Harcèlements sexuels et autres agressions sexuelles contre des mineur(e)s,2003,10386
Harcèlements sexuels et autres agressions sexuelles contre des mineur(e)s,2004,10598
Harcèlements sexuels et autres agressions sexuelles contre des mineur(e)s,2005,9132
Harcèlements sexuels et autres agressions sexuelles contre des mineur(e)s,2006,8256
Harcèlements sexuels et autres agressions sexuelles contre des mineur(e)s,2007,8206
Harcèlements sexuels et autres agressions sexuelles contre des mineur(e)s,2008,8638
Harcèlements sexuels et autres agressions sexuelles contre des mineur(e)s,2009,8265
Harcèlements sexuels et autres agressions sexuelles contre des mineur(e)s,2010,8120
Homicides commis contre enfants de moins de 15 ans,2002,90
Homicides commis contre enfants de moins de 15 ans,2003,69
Homicides commis contre enfants de moins de 15 ans,2004,67
Homicides commis contre enfants de moins de 15 ans,2005,67
Homicides commis contre enfants de moins de 15 ans,2006,81
Homicides commis contre enfants de moins de 15 ans,2007,61
Homicides commis contre enfants de moins de 15 ans,2008,40
Homicides commis contre enfants de moins de 15 ans,2009,64
Homicides commis contre enfants de moins de 15 ans,2010,46
Homicides pour d'autres motifs,2002,835
Homicides pour d'autres motifs,2003,763
Homicides pour d'autres motifs,2004,773
Homicides pour d'autres motifs,2005,767
Homicides pour d'autres motifs,2006,676
Homicides pour d'autres motifs,2007,672
Homicides pour d'autres motifs,2008,643
Homicides pour d'autres motifs,2009,542
Homicides pour d'autres motifs,2010,550
Homicides pour voler et à l'occasion de vols,2002,50
Homicides pour voler et à l'occasion de vols,2003,53
Homicides pour voler et à l'occasion de vols,2004,44
Homicides pour voler et à l'occasion de vols,2005,42
Homicides pour voler et à l'occasion de vols,2006,36
Homicides pour voler et à l'occasion de vols,2007,35
Homicides pour voler et à l'occasion de vols,2008,30
Homicides pour voler et à l'occasion de vols,2009,27
Homicides pour voler et à l'occasion de vols,2010,36
Incendies volontaires de biens privés,2002,34286
Incendies volontaires de biens privés,2003,31407
Incendies volontaires de biens privés,2004,29978
Incendies volontaires de biens privés,2005,43231
Incendies volontaires de biens privés,2006,38027
Incendies volontaires de biens privés,2007,39999
Incendies volontaires de biens privés,2008,35640
Incendies volontaires de biens privés,2009,39887
Incendies volontaires de biens privés,2010,38108
Incendies volontaires de biens publics,2002,5626
Incendies volontaires de biens publics,2003,5496
Incendies volontaires de biens publics,2004,5069
Incendies volontaires de biens publics,2005,7109
Incendies volontaires de biens publics,2006,5916
Incendies volontaires de biens publics,2007,6033
Incendies volontaires de biens publics,2008,5445
Incendies volontaires de biens publics,2009,5695
Incendies volontaires de biens publics,2010,5460
Infractions au droit de l'urbanisme et de la construction,2002,2375
Infractions au droit de l'urbanisme et de la construction,2003,2127
Infractions au droit de l'urbanisme et de la construction,2004,1729
Infractions au droit de l'urbanisme et de la construction,2005,1935
Infractions au droit de l'urbanisme et de la construction,2006,2158
Infractions au droit de l'urbanisme et de la construction,2007,2119
Infractions au droit de l'urbanisme et de la construction,2008,2038
Infractions au droit de l'urbanisme et de la construction,2009,2072
Infractions au droit de l'urbanisme et de la construction,2010,2445
Infractions aux conditions générales d'entrée et de séjour des étrangers,2002,49055
Infractions aux conditions générales d'entrée et de séjour des étrangers,2003,50416
Infractions aux conditions générales d'entrée et de séjour des étrangers,2004,56603
Infractions aux conditions générales d'entrée et de séjour des étrangers,2005,68231
Infractions aux conditions générales d'entrée et de séjour des étrangers,2006,77652
Infractions aux conditions générales d'entrée et de séjour des étrangers,2007,88087
Infractions aux conditions générales d'entrée et de séjour des étrangers,2008,90203
Infractions aux conditions générales d'entrée et de séjour des étrangers,2009,85043
Infractions aux conditions générales d'entrée et de séjour des étrangers,2010,77018
Infractions à l'exercice d'une profession réglementée,2002,804
Infractions à l'exercice d'une profession réglementée,2003,786
Infractions à l'exercice d'une profession réglementée,2004,1009
Infractions à l'exercice d'une profession réglementée,2005,1032
Infractions à l'exercice d'une profession réglementée,2006,1276
Infractions à l'exercice d'une profession réglementée,2007,1163
Infractions à l'exercice d'une profession réglementée,2008,1298
Infractions à l'exercice d'une profession réglementée,2009,1265
Infractions à l'exercice d'une profession réglementée,2010,1121
Infractions à la législation sur les chèques,2002,13456
Infractions à la législation sur les chèques,2003,11131
Infractions à la législation sur les chèques,2004,9661
Infractions à la législation sur les chèques,2005,8564
Infractions à la législation sur les chèques,2006,6999
Infractions à la législation sur les chèques,2007,6844
Infractions à la législation sur les chèques,2008,7724
Infractions à la législation sur les chèques,2009,8285
Infractions à la législation sur les chèques,2010,9046
Marchandage - prêt de main d'œuvre,2002,221
Marchandage - prêt de main d'œuvre,2003,230
Marchandage - prêt de main d'œuvre,2004,202
Marchandage - prêt de main d'œuvre,2005,256
Marchandage - prêt de main d'œuvre,2006,320
Marchandage - prêt de main d'œuvre,2007,363
Marchandage - prêt de main d'œuvre,2008,393
Marchandage - prêt de main d'œuvre,2009,328
Marchandage - prêt de main d'œuvre,2010,309
Menaces ou chantages dans un autre but,2002,52828
Menaces ou chantages dans un autre but,2003,57934
Menaces ou chantages dans un autre but,2004,61534
Menaces ou chantages dans un autre but,2005,64644
Menaces ou chantages dans un autre but,2006,66534
Menaces ou chantages dans un autre but,2007,67220
Menaces ou chantages dans un autre but,2008,69745
Menaces ou chantages dans un autre but,2009,70604
Menaces ou chantages dans un autre but,2010,72144
Menaces ou chantages pour extorsion de fonds,2002,9126
Menaces ou chantages pour extorsion de fonds,2003,9439
Menaces ou chantages pour extorsion de fonds,2004,9334
Menaces ou chantages pour extorsion de fonds,2005,9479
Menaces ou chantages pour extorsion de fonds,2006,10479
Menaces ou chantages pour extorsion de fonds,2007,10299
Menaces ou chantages pour extorsion de fonds,2008,9491
Menaces ou chantages pour extorsion de fonds,2009,9267
Menaces ou chantages pour extorsion de fonds,2010,9848
Non versement de pension alimentaire,2002,13213
Non versement de pension alimentaire,2003,14096
Non versement de pension alimentaire,2004,14927
Non versement de pension alimentaire,2005,14965
Non versement de pension alimentaire,2006,14675
Non versement de pension alimentaire,2007,13778
Non versement de pension alimentaire,2008,14353
Non versement de pension alimentaire,2009,14779
Non versement de pension alimentaire,2010,14282
Outrages à dépositaires autorité,2002,29372
Outrages à dépositaires autorité,2003,28784
Outrages à dépositaires autorité,2004,30673
Outrages à dépositaires autorité,2005,31739
Outrages à dépositaires autorité,2006,31820
Outrages à dépositaires autorité,2007,31731
Outrages à dépositaires autorité,2008,31726
Outrages à dépositaires autorité,2009,30799
Outrages à dépositaires autorité,2010,30071
Port ou détention armes prohibées,2002,23107
Port ou détention armes prohibées,2003,23536
Port ou détention armes prohibées,2004,24400
Port ou détention armes prohibées,2005,25459
Port ou détention armes prohibées,2006,26494
Port ou détention armes prohibées,2007,27744
Port ou détention armes prohibées,2008,30411
Port ou détention armes prohibées,2009,32203
Port ou détention armes prohibées,2010,32306
Prises d'otages dans un autre but,2002,37
Prises d'otages dans un autre but,2003,31
Prises d'otages dans un autre but,2004,16
Prises d'otages dans un autre but,2005,26
Prises d'otages dans un autre but,2006,24
Prises d'otages dans un autre but,2007,15
Prises d'otages dans un autre but,2008,17
Prises d'otages dans un autre but,2009,25
Prises d'otages dans un autre but,2010,14
Prises d'otages à l'occasion de vols,2002,62
Prises d'otages à l'occasion de vols,2003,41
Prises d'otages à l'occasion de vols,2004,45
Prises d'otages à l'occasion de vols,2005,33
Prises d'otages à l'occasion de vols,2006,41
Prises d'otages à l'occasion de vols,2007,21
Prises d'otages à l'occasion de vols,2008,19
Prises d'otages à l'occasion de vols,2009,24
Prises d'otages à l'occasion de vols,2010,19
"Prix illicites, publicité fausse et infractions aux règles de la concurrence",2002,578
"Prix illicites, publicité fausse et infractions aux règles de la concurrence",2003,609
"Prix illicites, publicité fausse et infractions aux règles de la concurrence",2004,608
"Prix illicites, publicité fausse et infractions aux règles de la concurrence",2005,668
"Prix illicites, publicité fausse et infractions aux règles de la concurrence",2006,501
"Prix illicites, publicité fausse et infractions aux règles de la concurrence",2007,419
"Prix illicites, publicité fausse et infractions aux règles de la concurrence",2008,500
"Prix illicites, publicité fausse et infractions aux règles de la concurrence",2009,368
"Prix illicites, publicité fausse et infractions aux règles de la concurrence",2010,258
Proxénétisme,2002,478
Proxénétisme,2003,530
Proxénétisme,2004,535
Proxénétisme,2005,547
Proxénétisme,2006,452
Proxénétisme,2007,444
Proxénétisme,2008,416
Proxénétisme,2009,444
Proxénétisme,2010,427
Recels,2002,37084
Recels,2003,40138
Recels,2004,42087
Recels,2005,40345
Recels,2006,39771
Recels,2007,38433
Recels,2008,41302
Recels,2009,37326
Recels,2010,36753
Règlements de compte entre malfaiteurs,2002,121
Règlements de compte entre malfaiteurs,2003,101
Règlements de compte entre malfaiteurs,2004,102
Règlements de compte entre malfaiteurs,2005,99
Règlements de compte entre malfaiteurs,2006,86
Règlements de compte entre malfaiteurs,2007,58
Règlements de compte entre malfaiteurs,2008,126
Règlements de compte entre malfaiteurs,2009,49
Règlements de compte entre malfaiteurs,2010,42
Séquestrations,2002,2040
Séquestrations,2003,1956
Séquestrations,2004,2082
Séquestrations,2005,1950
Séquestrations,2006,2221
Séquestrations,2007,2073
Séquestrations,2008,2038
Séquestrations,2009,2036
Séquestrations,2010,2057
Tentatives d'homicides pour voler et à l'occasion de vols,2002,108
Tentatives d'homicides pour voler et à l'occasion de vols,2003,94
Tentatives d'homicides pour voler et à l'occasion de vols,2004,68
Tentatives d'homicides pour voler et à l'occasion de vols,2005,83
Tentatives d'homicides pour voler et à l'occasion de vols,2006,47
Tentatives d'homicides pour voler et à l'occasion de vols,2007,61
Tentatives d'homicides pour voler et à l'occasion de vols,2008,61
Tentatives d'homicides pour voler et à l'occasion de vols,2009,44
Tentatives d'homicides pour voler et à l'occasion de vols,2010,56
Tentatives homicides pour d'autres motifs,2002,1188
Tentatives homicides pour d'autres motifs,2003,1092
Tentatives homicides pour d'autres motifs,2004,1038
Tentatives homicides pour d'autres motifs,2005,1048
Tentatives homicides pour d'autres motifs,2006,1011
Tentatives homicides pour d'autres motifs,2007,979
Tentatives homicides pour d'autres motifs,2008,999
Tentatives homicides pour d'autres motifs,2009,904
Tentatives homicides pour d'autres motifs,2010,1015
Trafic et revente sans usage de stupéfiants,2002,4960
Trafic et revente sans usage de stupéfiants,2003,5860
Trafic et revente sans usage de stupéfiants,2004,6007
Trafic et revente sans usage de stupéfiants,2005,5808
Trafic et revente sans usage de stupéfiants,2006,5518
Trafic et revente sans usage de stupéfiants,2007,5491
Trafic et revente sans usage de stupéfiants,2008,5864
Trafic et revente sans usage de stupéfiants,2009,5758
Trafic et revente sans usage de stupéfiants,2010,5645
Travail clandestin,2002,6486
Travail clandestin,2003,6389
Travail clandestin,2004,6268
Travail clandestin,2005,7753
Travail clandestin,2006,8406
Travail clandestin,2007,9996
Travail clandestin,2008,10896
Travail clandestin,2009,9826
Travail clandestin,2010,9641
Usage de stupéfiants,2002,81099
Usage de stupéfiants,2003,93333
Usage de stupéfiants,2004,107035
Usage de stupéfiants,2005,109581
Usage de stupéfiants,2006,115915
Usage de stupéfiants,2007,121232
Usage de stupéfiants,2008,139483
Usage de stupéfiants,2009,141603
Usage de stupéfiants,2010,141873
Usage-revente de stupéfiants,2002,12170
Usage-revente de stupéfiants,2003,14525
Usage-revente de stupéfiants,2004,15386
Usage-revente de stupéfiants,2005,16196
Usage-revente de stupéfiants,2006,17034
Usage-revente de stupéfiants,2007,16369
Usage-revente de stupéfiants,2008,18707
Usage-revente de stupéfiants,2009,18087
Usage-revente de stupéfiants,2010,18119
Violations de domicile,2002,8165
Violations de domicile,2003,8200
Violations de domicile,2004,8270
Violations de domicile,2005,8199
Violations de domicile,2006,8106
Violations de domicile,2007,7965
Violations de domicile,2008,7764
Violations de domicile,2009,7829
Violations de domicile,2010,7605
Violences à dépositaires autorité,2002,19634
Violences à dépositaires autorité,2003,20291
Violences à dépositaires autorité,2004,21723
Violences à dépositaires autorité,2005,23371
Violences à dépositaires autorité,2006,24848
Violences à dépositaires autorité,2007,25117
Violences à dépositaires autorité,2008,26176
Violences à dépositaires autorité,2009,26721
Violences à dépositaires autorité,2010,27465
"Violences, mauvais traitements et abandons d'enfants.",2002,10064
"Violences, mauvais traitements et abandons d'enfants.",2003,11173
"Violences, mauvais traitements et abandons d'enfants.",2004,11282
"Violences, mauvais traitements et abandons d'enfants.",2005,12404
"Violences, mauvais traitements et abandons d'enfants.",2006,13496
"Violences, mauvais traitements et abandons d'enfants.",2007,14485
"Violences, mauvais traitements et abandons d'enfants.",2008,15500
"Violences, mauvais traitements et abandons d'enfants.",2009,16042
"Violences, mauvais traitements et abandons d'enfants.",2010,17024
Viols sur des majeur(e)s,2002,4234
Viols sur des majeur(e)s,2003,4392
Viols sur des majeur(e)s,2004,4312
Viols sur des majeur(e)s,2005,4412
Viols sur des majeur(e)s,2006,4443
Viols sur des majeur(e)s,2007,4677
Viols sur des majeur(e)s,2008,4634
Viols sur des majeur(e)s,2009,4581
Viols sur des majeur(e)s,2010,4720
Viols sur des mineur(e)s,2002,6226
Viols sur des mineur(e)s,2003,6014
Viols sur des mineur(e)s,2004,6192
Viols sur des mineur(e)s,2005,5581
Viols sur des mineur(e)s,2006,5341
Viols sur des mineur(e)s,2007,5455
Viols sur des mineur(e)s,2008,5643
Viols sur des mineur(e)s,2009,5261
Viols sur des mineur(e)s,2010,5388
Vols avec armes blanches contre des particuliers à leur domicile,2002,889
Vols avec armes blanches contre des particuliers à leur domicile,2003,832
Vols avec armes blanches contre des particuliers à leur domicile,2004,790
Vols avec armes blanches contre des particuliers à leur domicile,2005,695
Vols avec armes blanches contre des particuliers à leur domicile,2006,614
Vols avec armes blanches contre des particuliers à leur domicile,2007,616
Vols avec armes blanches contre des particuliers à leur domicile,2008,577
Vols avec armes blanches contre des particuliers à leur domicile,2009,660
Vols avec armes blanches contre des particuliers à leur domicile,2010,700
"Vols avec armes blanches contre des établissements financiers, commerciaux ou industriels",2002,1223
"Vols avec armes blanches contre des établissements financiers, commerciaux ou industriels",2003,1156
"Vols avec armes blanches contre des établissements financiers, commerciaux ou industriels",2004,978
"Vols avec armes blanches contre des établissements financiers, commerciaux ou industriels",2005,868
"Vols avec armes blanches contre des établissements financiers, commerciaux ou industriels",2006,879
"Vols avec armes blanches contre des établissements financiers, commerciaux ou industriels",2007,825
"Vols avec armes blanches contre des établissements financiers, commerciaux ou industriels",2008,852
"Vols avec armes blanches contre des établissements financiers, commerciaux ou industriels",2009,1123
"Vols avec armes blanches contre des établissements financiers, commerciaux ou industriels",2010,1210
Vols avec entrée par ruse en tous lieux,2002,13656
Vols avec entrée par ruse en tous lieux,2003,12904
Vols avec entrée par ruse en tous lieux,2004,11585
Vols avec entrée par ruse en tous lieux,2005,12036
Vols avec entrée par ruse en tous lieux,2006,10992
Vols avec entrée par ruse en tous lieux,2007,9853
Vols avec entrée par ruse en tous lieux,2008,9571
Vols avec entrée par ruse en tous lieux,2009,9118
Vols avec entrée par ruse en tous lieux,2010,7870
Vols d'accessoires sur véhicules à moteur immatriculés,2002,220518
Vols d'accessoires sur véhicules à moteur immatriculés,2003,197179
Vols d'accessoires sur véhicules à moteur immatriculés,2004,181386
Vols d'accessoires sur véhicules à moteur immatriculés,2005,166856
Vols d'accessoires sur véhicules à moteur immatriculés,2006,154608
Vols d'accessoires sur véhicules à moteur immatriculés,2007,146251
Vols d'accessoires sur véhicules à moteur immatriculés,2008,138865
Vols d'accessoires sur véhicules à moteur immatriculés,2009,133822
Vols d'accessoires sur véhicules à moteur immatriculés,2010,127511
Vols d'automobiles,2002,283616
Vols d'automobiles,2003,230750
Vols d'automobiles,2004,196093
Vols d'automobiles,2005,173897
Vols d'automobiles,2006,157437
Vols d'automobiles,2007,143130
Vols d'automobiles,2008,131077
Vols d'automobiles,2009,127742
Vols d'automobiles,2010,121251
Vols de véhicules de transport avec fret,2002,1148
Vols de véhicules de transport avec fret,2003,863
Vols de véhicules de transport avec fret,2004,749
Vols de véhicules de transport avec fret,2005,569
Vols de véhicules de transport avec fret,2006,549
Vols de véhicules de transport avec fret,2007,399
Vols de véhicules de transport avec fret,2008,378
Vols de véhicules de transport avec fret,2009,293
Vols de véhicules de transport avec fret,2010,290
Vols de véhicules motorisés à 2 roues,2002,97383
Vols de véhicules motorisés à 2 roues,2003,97064
Vols de véhicules motorisés à 2 roues,2004,88829
Vols de véhicules motorisés à 2 roues,2005,86072
Vols de véhicules motorisés à 2 roues,2006,85167
Vols de véhicules motorisés à 2 roues,2007,81129
Vols de véhicules motorisés à 2 roues,2008,80029
Vols de véhicules motorisés à 2 roues,2009,79912
Vols de véhicules motorisés à 2 roues,2010,73655
Vols simples sur chantier,2002,14661
Vols simples sur chantier,2003,13314
Vols simples sur chantier,2004,13563
Vols simples sur chantier,2005,14354
Vols simples sur chantier,2006,16962
Vols simples sur chantier,2007,17012
Vols simples sur chantier,2008,17645
Vols simples sur chantier,2009,15262
Vols simples sur chantier,2010,17693
Vols simples sur exploitations agricoles,2002,8070
Vols simples sur exploitations agricoles,2003,7851
Vols simples sur exploitations agricoles,2004,7935
Vols simples sur exploitations agricoles,2005,6431
Vols simples sur exploitations agricoles,2006,5923
Vols simples sur exploitations agricoles,2007,6269
Vols simples sur exploitations agricoles,2008,7554
Vols simples sur exploitations agricoles,2009,6953
Vols simples sur exploitations agricoles,2010,7618
Vols violents sans arme contre d'autres victimes,2002,55469
Vols violents sans arme contre d'autres victimes,2003,53648
Vols violents sans arme contre d'autres victimes,2004,51951
Vols violents sans arme contre d'autres victimes,2005,56427
Vols violents sans arme contre d'autres victimes,2006,58092
Vols violents sans arme contre d'autres victimes,2007,51514
Vols violents sans arme contre d'autres victimes,2008,48216
Vols violents sans arme contre d'autres victimes,2009,49955
Vols violents sans arme contre d'autres victimes,2010,52884
Vols violents sans arme contre des femmes sur voie publique ou autre lieu public,2002,49364
Vols violents sans arme contre des femmes sur voie publique ou autre lieu public,2003,47221
Vols violents sans arme contre des femmes sur voie publique ou autre lieu public,2004,46362
Vols violents sans arme contre des femmes sur voie publique ou autre lieu public,2005,48414
Vols violents sans arme contre des femmes sur voie publique ou autre lieu public,2006,49466
Vols violents sans arme contre des femmes sur voie publique ou autre lieu public,2007,44000
Vols violents sans arme contre des femmes sur voie publique ou autre lieu public,2008,41363
Vols violents sans arme contre des femmes sur voie publique ou autre lieu public,2009,44296
Vols violents sans arme contre des femmes sur voie publique ou autre lieu public,2010,50046
Vols violents sans arme contre des particuliers à leur domicile,2002,1728
Vols violents sans arme contre des particuliers à leur domicile,2003,1720
Vols violents sans arme contre des particuliers à leur domicile,2004,1716
Vols violents sans arme contre des particuliers à leur domicile,2005,1656
Vols violents sans arme contre des particuliers à leur domicile,2006,1503
Vols violents sans arme contre des particuliers à leur domicile,2007,1319
Vols violents sans arme contre des particuliers à leur domicile,2008,1372
Vols violents sans arme contre des particuliers à leur domicile,2009,1432
Vols violents sans arme contre des particuliers à leur domicile,2010,1474
"Vols violents sans arme contre des établissements financiers, commerciaux ou industriels",2002,1450
"Vols violents sans arme contre des établissements financiers, commerciaux ou industriels",2003,1203
"Vols violents sans arme contre des établissements financiers, commerciaux ou industriels",2004,1061
"Vols violents sans arme contre des établissements financiers, commerciaux ou industriels",2005,983
"Vols violents sans arme contre des établissements financiers, commerciaux ou industriels",2006,948
"Vols violents sans arme contre des établissements financiers, commerciaux ou industriels",2007,861
"Vols violents sans arme contre des établissements financiers, commerciaux ou industriels",2008,826
"Vols violents sans arme contre des établissements financiers, commerciaux ou industriels",2009,918
"Vols violents sans arme contre des établissements financiers, commerciaux ou industriels",2010,923
Vols à l'étalage,2002,64036
Vols à l'étalage,2003,63356
Vols à l'étalage,2004,62349
Vols à l'étalage,2005,60781
Vols à l'étalage,2006,60348
Vols à l'étalage,2007,60378
Vols à l'étalage,2008,62724
Vols à l'étalage,2009,69284
Vols à l'étalage,2010,70764
Vols à la roulotte,2002,481519
Vols à la roulotte,2003,433738
Vols à la roulotte,2004,387397
Vols à la roulotte,2005,355661
Vols à la roulotte,2006,346483
Vols à la roulotte,2007,324072
Vols à la roulotte,2008,290051
Vols à la roulotte,2009,288033
Vols à la roulotte,2010,271430
Vols à la tire,2002,119830
Vols à la tire,2003,114245
Vols à la tire,2004,108840
Vols à la tire,2005,105151
Vols à la tire,2006,104594
Vols à la tire,2007,95853
Vols à la tire,2008,87733
Vols à la tire,2009,88400
Vols à la tire,2010,89239
Vols à main armée contre des entreprises de transports de fonds,2002,28
Vols à main armée contre des entreprises de transports de fonds,2003,35
Vols à main armée contre des entreprises de transports de fonds,2004,38
Vols à main armée contre des entreprises de transports de fonds,2005,48
Vols à main armée contre des entreprises de transports de fonds,2006,32
Vols à main armée contre des entreprises de transports de fonds,2007,45
Vols à main armée contre des entreprises de transports de fonds,2008,30
Vols à main armée contre des entreprises de transports de fonds,2009,29
Vols à main armée contre des entreprises de transports de fonds,2010,42
Vols à main armée contre des particuliers à leur domicile,2002,657
Vols à main armée contre des particuliers à leur domicile,2003,562
Vols à main armée contre des particuliers à leur domicile,2004,493
Vols à main armée contre des particuliers à leur domicile,2005,551
Vols à main armée contre des particuliers à leur domicile,2006,572
Vols à main armée contre des particuliers à leur domicile,2007,465
Vols à main armée contre des particuliers à leur domicile,2008,607
Vols à main armée contre des particuliers à leur domicile,2009,673
Vols à main armée contre des particuliers à leur domicile,2010,674
Vols à main armée contre des établissements financiers,2002,1299
Vols à main armée contre des établissements financiers,2003,994
Vols à main armée contre des établissements financiers,2004,867
Vols à main armée contre des établissements financiers,2005,729
Vols à main armée contre des établissements financiers,2006,583
Vols à main armée contre des établissements financiers,2007,416
Vols à main armée contre des établissements financiers,2008,429
Vols à main armée contre des établissements financiers,2009,396
Vols à main armée contre des établissements financiers,2010,336
Vols à main armée contre des établissements industriels ou commerciaux,2002,4263
Vols à main armée contre des établissements industriels ou commerciaux,2003,3390
Vols à main armée contre des établissements industriels ou commerciaux,2004,3172
Vols à main armée contre des établissements industriels ou commerciaux,2005,2731
Vols à main armée contre des établissements industriels ou commerciaux,2006,2881
Vols à main armée contre des établissements industriels ou commerciaux,2007,2906
Vols à main armée contre des établissements industriels ou commerciaux,2008,3502
Vols à main armée contre des établissements industriels ou commerciaux,2009,4226
Vols à main armée contre des établissements industriels ou commerciaux,2010,3632
